                    .;10/2024-09/2025;10/2025-09/2026;Minimum 10/2018-09/2021;Maximum 10/2018-09/2021
01.10.;96,09;76,31;80,12;98,34
02.10.;96,01;76,21;80,49;98,41
03.10.;96,07;76,20;80,49;98,46
04.10.;96,09;76,34;80,64;98,45
05.10.;96,16;76,40;80,95;98,53
06.10.;96,26;76,19;81,40;98,62
07.10.;96,36;76,08;81,80;98,63
08.10.;96,55;76,01;81,99;98,64
09.10.;96,77;76,01;82,14;98,64
10.10.;96,93;76,03;82,35;98,65
11.10.;96,95;76,08;82,74;98,66
12.10.;97,08;76,10;83,30;98,77
13.10.;97,20;75,92;83,94;98,93
14.10.;97,08;75,82;84,60;99,01
15.10.;97,07;75,67;85,05;99,06
16.10.;97,16;75,48;85,37;99,08
17.10.;97,25;75,43;85,67;99,09
18.10.;97,32;75,44;86,02;99,10
19.10.;97,52;75,47;86,35;99,20
20.10.;97,73;75,44;86,70;99,31
21.10.;97,77;75,41;87,06;99,33
22.10.;97,78;75,37;87,23;99,34
23.10.;97,76;75,39;87,44;99,34
24.10.;97,77;75,34;87,66;99,35
25.10.;97,82;75,34;87,79;99,39
26.10.;97,92;75,33;87,84;99,53
27.10.;98,03;75,15;87,91;99,62
28.10.;98,04;75,15;87,90;99,59
29.10.;98,04;75,05;87,72;99,52
30.10.;98,04;74,97;87,71;99,41
31.10.;98,06;74,94;87,68;99,26
01.11.;98,19;75,13;87,75;99,21
02.11.;98,27;75,23;87,78;99,37
03.11.;98,31;75,24;87,81;99,53
04.11.;98,15;75,31;87,87;99,60
05.11.;97,93;75,32;87,84;99,57
06.11.;97,65;75,15;87,83;99,50
07.11.;97,28;74,96;87,86;99,56
08.11.;97,00;74,88;87,80;99,55
09.11.;96,86;74,83;87,78;99,61
10.11.;96,75;74,66;87,89;99,61
11.11.;96,52;74,67;88,04;99,54
12.11.;96,17;74,71;88,11;99,45
13.11.;95,72;74,72;88,10;99,32
14.11.;95,44;74,68;88,02;99,26
15.11.;95,22;74,66;87,92;99,21
16.11.;95,16;74,62;87,66;99,23
17.11.;95,11;74,30;87,47;99,25
18.11.;94,77;73,68;87,29;99,21
19.11.;94,42;73,16;86,90;99,11
20.11.;93,97;72,47;86,46;98,92
21.11.;93,43;71,69;85,81;98,69
22.11.;92,84;71,15;85,26;98,64
23.11.;92,49;70,64;84,83;98,72
24.11.;92,47;69,98;84,57;98,78
25.11.;92,40;69,26;84,35;98,71
26.11.;92,22;68,45;83,98;98,68
27.11.;91,97;67,82;83,62;98,76
28.11.;91,72;67,40;83,28;98,81
29.11.;91,24;67,26;83,01;98,80
30.11.;90,91;67,13;82,73;98,70
01.12.;90,64;66,74;82,65;98,57
02.12.;90,26;66,31;82,67;98,45
03.12.;89,80;65,61;82,67;98,41
04.12.;89,28;65,03;82,45;98,33
05.12.;88,86;64,53;82,08;98,17
06.12.;88,60;64,38;81,97;98,00
07.12.;88,46;64,36;81,94;98,07
08.12.;88,30;64,35;82,02;98,21
09.12.;87,87;64,30;82,07;98,16
10.12.;87,10;64,20;81,40;97,97
11.12.;86,27;63,95;80,70;97,78
12.12.;85,41;63,51;80,24;97,62
13.12.;84,66;63,24;79,89;97,47
14.12.;84,21;63,06;79,45;97,46
15.12.;83,91;62,65;79,23;97,50
16.12.;83,64;62,07;78,79;97,44
17.12.;83,39;61,61;78,20;97,38
18.12.;83,19;61,49;77,71;97,29
19.12.;83,05;61,36;77,64;97,30
20.12.;82,79;61,19;76,97;97,29
21.12.;82,68;61,10;76,82;97,34
22.12.;82,60;60,87;76,77;97,38
23.12.;82,42;60,62;76,70;97,39
24.12.;82,26;60,30;76,53;97,47
25.12.;82,19;59,78;76,31;97,48
26.12.;82,02;59,14;76,05;97,53
27.12.;81,61;58,72;75,71;97,48
28.12.;81,12;58,29;75,33;97,42
29.12.;80,61;57,68;74,83;97,34
30.12.;80,11;57,12;74,22;97,21
31.12.;79,76;56,58;73,69;97,12
01.01.;79,47;56,19;73,22;96,89
02.01.;79,00;55,67;72,68;96,51
03.01.;78,32;55,02;72,06;96,26
04.01.;77,71;54,19;71,13;96,11
05.01.;77,18;53,01;70,10;95,93
06.01.;76,83;51,78;69,11;95,63
07.01.;76,30;50,47;67,93;95,26
08.01.;75,53;49,20;66,73;94,88
09.01.;74,69;48,29;65,64;94,71
10.01.;73,78;47,33;64,58;94,57
11.01.;72,91;46,35;63,37;94,36
12.01.;72,08;45,31;62,16;94,12
13.01.;70,88;44,62;60,97;93,87
14.01.;69,64;44,00;59,69;93,68
15.01.;68,48;43,55;58,26;93,47
16.01.;67,36;43,17;57,09;93,25
17.01.;66,05;42,76;56,05;92,97
18.01.;64,95;42,28;54,86;92,71
19.01.;63,85;41,46;53,91;92,33
20.01.;62,51;40,52;53,21;91,68
21.01.;61,05;39,72;52,73;90,99
22.01.;59,87;38,85;52,10;90,36
23.01.;59,21;38,09;51,41;89,66
24.01.;58,74;37,47;50,73;88,96
25.01.;58,44;36,78;49,64;88,47
26.01.;58,11;35,95;48,61;88,09
27.01.;57,75;35,12;47,65;87,71
28.01.;57,40;34,37;46,94;87,15
29.01.;57,02;33,54;46,34;86,63
30.01.;56,43;32,88;45,68;86,16
31.01.;55,84;32,38;44,88;86,01
01.02.;55,16;31,90;44,06;85,97
02.02.;54,43;31,05;43,44;85,90
03.02.;53,36;30,03;43,09;85,60
04.02.;52,38;29,06;42,62;85,22
05.02.;51,39;28,28;42,18;84,72
06.02.;50,53;27,55;41,80;83,97
07.02.;49,77;27,24;41,21;83,52
08.02.;49,22;26,86;40,22;83,16
09.02.;48,66;26,19;39,03;83,03
10.02.;47,82;25,57;37,78;82,82
11.02.;46,97;25,13;36,69;82,51
12.02.;45,98;24,79;35,57;82,12
13.02.;44,91;24,35;34,82;81,72
14.02.;43,78;23,90;33,76;81,47
15.02.;42,84;23,49;32,80;81,41
16.02.;41,96;22,94;32,39;81,43
17.02.;40,65;22,30;32,19;81,25
18.02.;39,34;21,61;31,99;81,01
19.02.;38,23;21,04;31,82;80,81
20.02.;37,46;20,62;31,74;80,60
21.02.;37,09;20,50;31,71;80,40
22.02.;36,89;20,71;31,51;80,34
23.02.;36,78;20,66;31,40;80,31
24.02.;36,51;20,51;31,42;80,07
25.02.;36,13;20,45;31,35;79,89
26.02.;35,66;20,48;31,32;79,45
27.02.;35,17;20,56;31,27;78,83
28.02.;33,85;20,72;31,15;78,27
01.03.;33,61;20,81;30,78;78,06
02.03.;33,29;20,88;30,49;77,49
03.03.;32,84;20,83;30,13;77,23
04.03.;32,49;20,77;29,83;76,92
05.03.;32,26;20,88;29,45;76,53
06.03.;32,09;20,97;29,16;76,31
07.03.;31,99;21,15;28,87;76,13
08.03.;32,06;21,37;28,38;76,09
09.03.;32,08;21,50;27,90;75,86
10.03.;31,83;21,63;27,65;75,72
11.03.;31,45;21,82;27,53;75,67
12.03.;30,96;21,92;27,47;75,64
13.03.;30,46;21,97;27,70;75,47
14.03.;30,03;21,94;27,32;75,28
15.03.;29,78;21,97;27,17;75,22
16.03.;29,58;21,93;26,99;75,11
17.03.;29,19;21,83;26,75;75,00
18.03.;28,91;21,84;26,42;74,93
19.03.;28,74;21,86;26,20;74,77
20.03.;28,72;21,89;26,31;74,62
21.03.;28,78;21,98;25,99;74,47
22.03.;28,97;;25,71;74,31
23.03.;29,08;;25,52;73,91
24.03.;29,03;;25,42;73,60
25.03.;28,95;;25,39;73,24
26.03.;28,82;;25,52;72,91
27.03.;28,73;;25,68;72,76
28.03.;28,73;;25,84;72,81
29.03.;28,79;;25,67;72,74
30.03.;28,81;;26,15;72,36
31.03.;28,69;;26,15;71,81
01.04.;29,14;;26,91;72,74
02.04.;29,21;;27,04;72,58
03.04.;29,26;;27,28;72,47
04.04.;29,36;;27,49;72,54
05.04.;29,53;;27,52;72,70
06.04.;29,58;;27,24;72,87
07.04.;29,40;;26,91;73,02
08.04.;29,29;;26,54;73,19
09.04.;29,21;;26,37;73,41
10.04.;29,14;;26,34;73,69
11.04.;29,15;;26,36;74,02
12.04.;29,37;;25,93;74,41
13.04.;29,62;;25,40;74,66
14.04.;29,77;;24,91;74,65
15.04.;30,01;;24,54;74,68
16.04.;30,14;;24,40;74,60
17.04.;30,22;;24,36;75,00
18.04.;30,42;;24,37;75,42
19.04.;30,69;;24,32;75,83
20.04.;31,02;;24,36;76,05
21.04.;31,28;;24,46;76,33
22.04.;31,37;;24,48;76,59
23.04.;31,46;;24,52;76,79
24.04.;31,51;;24,71;77,04
25.04.;31,63;;24,92;77,35
26.04.;31,87;;25,07;77,62
27.04.;32,15;;25,28;77,74
28.04.;32,38;;25,41;77,88
29.04.;32,64;;25,44;78,10
30.04.;32,98;;25,36;78,37
01.05.;33,40;;25,42;78,68
02.05.;33,81;;25,45;78,97
03.05.;34,23;;25,33;79,25
04.05.;34,60;;25,36;79,38
05.05.;34,75;;25,18;79,48
06.05.;34,73;;24,92;79,58
07.05.;34,86;;24,76;79,75
08.05.;35,07;;24,92;80,14
09.05.;35,19;;25,35;80,63
10.05.;35,37;;25,79;81,16
11.05.;35,71;;26,09;81,41
12.05.;36,01;;26,34;81,27
13.05.;36,19;;26,55;81,29
14.05.;36,47;;26,83;81,33
15.05.;36,68;;27,09;81,43
16.05.;36,87;;27,36;81,68
17.05.;37,20;;27,48;82,03
18.05.;37,47;;27,55;82,27
19.05.;37,64;;27,65;82,43
20.05.;37,82;;27,92;82,62
21.05.;37,73;;28,28;82,93
22.05.;37,86;;28,57;83,34
23.05.;37,93;;28,88;83,69
24.05.;38,12;;29,17;83,97
25.05.;38,45;;29,26;84,24
26.05.;38,65;;29,37;84,39
27.05.;38,83;;29,39;84,39
28.05.;39,04;;29,53;84,34
29.05.;39,36;;29,89;84,39
30.05.;39,75;;30,32;84,64
31.05.;40,26;;30,69;84,87
01.06.;41,12;;31,12;85,14
02.06.;41,38;;31,66;85,28
03.06.;41,61;;32,15;85,41
04.06.;41,93;;32,61;85,53
05.06.;42,08;;33,16;85,60
06.06.;42,44;;33,69;85,80
07.06.;42,91;;34,02;86,00
08.06.;43,34;;34,30;85,78
09.06.;43,72;;34,45;85,83
10.06.;44,06;;34,70;85,82
11.06.;44,34;;34,98;85,95
12.06.;44,62;;35,40;86,13
13.06.;44,90;;35,84;86,41
14.06.;45,36;;36,18;86,74
15.06.;45,80;;36,39;86,91
16.06.;46,06;;36,63;87,00
17.06.;46,31;;36,96;87,06
18.06.;46,59;;37,34;87,13
19.06.;46,92;;37,83;87,23
20.06.;47,23;;38,28;87,47
21.06.;47,70;;38,67;87,75
22.06.;48,18;;38,85;87,84
23.06.;48,50;;39,06;87,94
24.06.;48,82;;39,27;88,01
25.06.;48,98;;39,53;88,10
26.06.;49,04;;39,92;88,22
27.06.;49,46;;40,36;88,44
28.06.;49,87;;40,67;88,66
29.06.;50,34;;40,99;88,77
30.06.;50,66;;41,27;88,92
01.07.;50,94;;41,61;89,02
02.07.;51,30;;41,86;89,05
03.07.;51,56;;42,35;89,32
04.07.;51,87;;42,80;89,65
05.07.;52,30;;43,20;89,91
06.07.;52,68;;43,45;90,02
07.07.;52,93;;43,61;89,99
08.07.;54,78;;43,76;89,97
09.07.;53,54;;44,04;89,88
10.07.;54,02;;44,46;89,94
11.07.;54,37;;44,87;90,07
12.07.;54,93;;45,16;90,28
13.07.;55,37;;45,20;90,41
14.07.;55,61;;45,21;90,34
15.07.;55,84;;45,40;90,19
16.07.;56,10;;45,64;90,04
17.07.;56,29;;45,86;89,91
18.07.;56,55;;46,08;89,83
19.07.;57,00;;46,23;89,78
20.07.;57,44;;46,34;89,63
21.07.;57,70;;46,39;89,40
22.07.;57,95;;46,40;89,08
23.07.;58,20;;46,75;88,87
24.07.;58,36;;47,23;88,70
25.07.;58,60;;47,62;88,58
26.07.;59,00;;47,95;88,79
27.07.;59,45;;48,33;88,85
28.07.;59,85;;48,73;88,92
29.07.;60,18;;49,10;89,02
30.07.;60,56;;49,43;89,04
31.07.;60,80;;49,79;89,11
01.08.;61,02;;50,18;89,33
02.08.;61,60;;50,54;89,55
03.08.;62,07;;50,80;89,67
04.08.;62,46;;51,10;89,76
05.08.;62,90;;51,39;89,92
06.08.;63,26;;51,85;89,88
07.08.;63,59;;52,21;90,19
08.08.;63,93;;52,56;90,44
09.08.;64,22;;52,82;90,67
10.08.;64,68;;53,07;90,80
11.08.;65,04;;53,30;91,20
12.08.;65,18;;53,48;91,48
13.08.;65,43;;53,77;91,68
14.08.;65,73;;54,15;91,83
15.08.;66,12;;54,49;92,08
16.08.;66,47;;54,79;92,36
17.08.;66,85;;54,95;92,75
18.08.;67,11;;55,15;93,14
19.08.;67,41;;55,36;93,49
20.08.;67,66;;55,65;93,72
21.08.;67,94;;56,01;93,93
22.08.;68,19;;56,38;94,13
23.08.;68,56;;56,76;94,35
24.08.;68,91;;57,15;94,60
25.08.;69,17;;57,49;94,86
26.08.;69,42;;57,86;94,98
27.08.;69,60;;58,26;95,15
28.08.;69,92;;58,68;95,27
29.08.;70,26;;59,09;95,25
30.08.;70,65;;59,46;95,41
31.08.;71,05;;59,69;95,70
01.09.;72,54;;59,90;95,97
02.09.;72,54;;60,10;96,13
03.09.;72,74;;60,33;96,31
04.09.;73,08;;60,66;96,48
05.09.;73,33;;61,00;96,59
06.09.;73,69;;61,24;96,59
07.09.;74,08;;61,43;96,64
08.09.;74,22;;61,73;96,70
09.09.;74,23;;62,05;96,62
10.09.;74,41;;62,33;96,65
11.09.;74,59;;62,69;96,69
12.09.;74,84;;63,06;96,76
13.09.;75,13;;63,30;96,82
14.09.;75,40;;63,48;96,94
15.09.;75,62;;63,62;97,10
16.09.;75,76;;63,76;97,16
17.09.;75,86;;63,94;97,20
18.09.;75,99;;64,25;97,20
19.09.;76,12;;64,56;97,13
20.09.;76,38;;64,69;97,14
21.09.;76,63;;64,86;97,23
22.09.;76,65;;64,98;97,35
23.09.;76,45;;65,25;97,39
24.09.;76,44;;65,58;97,39
25.09.;76,46;;66,13;97,36
26.09.;76,50;;66,74;97,40
27.09.;76,62;;67,17;97,48
28.09.;76,73;;67,48;97,67
29.09.;76,73;;67,87;97,89
30.09.;76,68;;68,06;97,99
