name,code,url,updatedAt,gasDayStart,gasDayEnd,gasInStorage,consumption,consumptionFull,injection,withdrawal,netWithdrawal,workingGasVolume,injectionCapacity,withdrawalCapacity,contractedCapacity,availableCapacity,coveredCapacity,status,trend,full
Germany,DE,DE,2026-02-28 17:05:15,2026-02-28,2026-03-01,51.8445,903.9000,5.74,296.38,125.2,-171.2,251.1442,4258,7086.73,207.9013,44.0267,100,E,0.07,20.64
Germany,DE,DE,2026-02-28 17:05:15,2026-02-27,2026-02-28,51.6733,903.9000,5.72,296.38,125.2,-171.2,251.1442,4258,7086.73,207.9013,44.0267,100,E,0.08,20.58
Germany,DE,DE,2026-02-28 16:30:21,2026-02-26,2026-02-27,51.4601,903.9000,5.69,238.65,196.2,-42.4,251.1442,4258,7086.73,207.9013,44.0267,100,E,0.04,20.49
Germany,DE,DE,2026-02-28 16:25:20,2026-02-25,2026-02-26,51.349,903.9000,5.68,73.45,267.3,193.9,251.1442,4258,7086.73,207.3467,44.0267,100,C,-0.06,20.45
Germany,DE,DE,2026-02-28 16:20:52,2026-02-24,2026-02-25,51.5008,903.9000,5.7,30.68,467.6,436.9,251.1442,4258,7086.73,207.3467,44.0267,100,C,-0.15,20.51
Germany,DE,DE,2026-02-27 16:25:03,2026-02-23,2026-02-24,51.8789,903.9000,5.74,142.07,300.8,158.7,251.1442,4258,7086.73,207.3467,44.0267,100,C,-0.06,20.66
Germany,DE,DE,2026-02-27 11:29:48,2026-02-22,2026-02-23,52.0233,903.9000,5.76,734.91,209.4,-525.5,251.1437,4258,7086.73,207.3467,44.0267,100,C,0.22,20.71
Germany,DE,DE,2026-02-25 16:25:03,2026-02-21,2026-02-22,51.4829,903.9000,5.7,152.96,469.8,316.8,251.1437,4258,7086.73,207.3467,44.0267,100,C,-0.12,20.5
Germany,DE,DE,2026-02-24 16:25:02,2026-02-20,2026-02-21,51.7899,903.9000,5.73,34.18,1088.9,1054.7,251.1437,4258,7086.73,207.3467,44.0267,100,C,-0.42,20.62
Germany,DE,DE,2026-02-23 16:25:03,2026-02-19,2026-02-20,52.8428,903.9000,5.85,17.15,1446.7,1429.5,251.1437,4258,7086.73,207.3467,44.0267,100,C,-0.57,21.04
Germany,DE,DE,2026-02-23 14:43:24,2026-02-18,2026-02-19,54.2704,903.9000,6,29.29,1747.4,1718.1,251.1437,4258,7086.73,207.3467,44.0267,100,C,-0.69,21.61
Germany,DE,DE,2026-02-23 14:34:57,2026-02-17,2026-02-18,56.005,903.9000,6.2,26.33,1594.7,1568.4,251.1437,4258,7086.73,207.3467,44.0267,100,C,-0.64,22.3
Germany,DE,DE,2026-02-23 14:33:55,2026-02-16,2026-02-17,57.6033,903.9000,6.37,33.85,1448,1414.1,251.1437,4258,7086.73,207.3467,44.0267,100,E,-0.56,22.94
Germany,DE,DE,2026-02-23 14:32:53,2026-02-15,2026-02-16,59.0052,903.9000,6.53,20.65,1037.8,1017.1,251.1437,4258,7086.73,207.3467,44.0267,100,C,-0.41,23.49
Germany,DE,DE,2026-02-23 14:30:56,2026-02-14,2026-02-15,60.0278,903.9000,6.64,14.55,1158.5,1144,251.1437,4258,7086.73,207.3467,44.0267,100,E,-0.45,23.9
Germany,DE,DE,2026-02-23 14:29:19,2026-02-13,2026-02-14,61.1622,903.9000,6.77,49.56,1229,1179.4,251.1437,4258,7086.73,207.3467,44.0267,100,C,-0.44,24.35
Germany,DE,DE,2026-02-23 14:28:23,2026-02-12,2026-02-13,62.2628,903.9000,6.89,40.1,915.7,875.6,251.1437,4258,7086.73,207.3467,44.0267,100,E,-0.34,24.79
Germany,DE,DE,2026-02-23 14:27:36,2026-02-11,2026-02-12,63.115,903.9000,6.98,17.3,1084.3,1067,251.1437,4258,7086.73,207.2781,44.0267,100,C,-0.44,25.13
Germany,DE,DE,2026-02-23 14:26:47,2026-02-10,2026-02-11,64.2181,903.9000,7.1,9.61,1577.8,1568.2,251.1437,4258,7086.73,207.2781,44.0267,100,C,-0.62,25.57
Germany,DE,DE,2026-02-23 14:26:01,2026-02-09,2026-02-10,65.7777,903.9000,7.28,24.09,1722.9,1698.8,251.1437,4258,7086.73,207.2781,44.0267,100,C,-0.67,26.19
Germany,DE,DE,2026-02-23 14:25:07,2026-02-08,2026-02-09,67.4646,903.9000,7.46,52.91,1026.6,973.7,251.1437,4258,7086.73,207.2781,44.0267,100,C,-0.38,26.86
Germany,DE,DE,2026-02-23 14:24:21,2026-02-07,2026-02-08,68.4206,903.9000,7.57,151.14,929.4,778.3,251.1437,4258,7086.73,207.2781,44.0267,100,C,-0.3,27.24
Germany,DE,DE,2026-02-23 14:23:34,2026-02-06,2026-02-07,69.1796,903.9000,7.65,22.78,1842.1,1819.4,251.1437,4258,7086.73,207.2781,44.0267,100,C,-0.73,27.55
Germany,DE,DE,2026-02-23 14:22:44,2026-02-05,2026-02-06,71.0173,903.9000,7.86,32.82,2082,2049.2,251.1437,4258,7086.73,207.2781,44.0267,100,C,-0.78,28.28
Germany,DE,DE,2026-02-23 14:21:59,2026-02-04,2026-02-05,72.9878,903.9000,8.07,24.43,2432.2,2407.8,251.1437,4258,7086.73,207.2781,44.0267,100,E,-0.97,29.06
Germany,DE,DE,2026-02-23 14:20:59,2026-02-03,2026-02-04,75.419,903.9000,8.34,17.16,2613.1,2595.9,251.1437,4258,7086.73,207.2781,44.0267,100,C,-1.02,30.03
Germany,DE,DE,2026-02-23 14:20:12,2026-02-02,2026-02-03,77.9903,903.9000,8.63,11.73,2132.4,2120.7,251.1437,4258,7086.73,207.2781,44.0267,100,C,-0.85,31.05
Germany,DE,DE,2026-02-23 14:19:24,2026-02-01,2026-02-02,80.1146,903.9000,8.86,36.95,1197.8,1160.8,251.1437,4258,7086.73,207.2781,44.0267,100,C,-0.48,31.9
Germany,DE,DE,2026-02-23 14:18:35,2026-01-31,2026-02-01,81.3136,903.9000,9,24.06,1300.3,1276.2,251.1437,4258,7086.73,207.5778,43.727,100,C,-0.5,32.38
Germany,DE,DE,2026-02-23 14:17:45,2026-01-30,2026-01-31,82.5738,903.9000,9.14,39.41,1678.1,1638.7,251.1437,4258,7086.73,207.5778,43.727,100,C,-0.66,32.88
Germany,DE,DE,2026-02-23 14:16:59,2026-01-29,2026-01-30,84.2212,903.9000,9.32,10.95,2104.2,2093.2,251.1437,4258,7086.73,207.5778,43.727,100,C,-0.84,33.54
Germany,DE,DE,2026-02-23 14:14:58,2026-01-28,2026-01-29,86.3283,903.9000,9.55,10.42,1881.9,1871.5,251.1437,4258,7086.73,207.5778,43.727,100,E,-0.74,34.37
Germany,DE,DE,2026-02-23 14:13:56,2026-01-27,2026-01-28,88.1926,903.9000,9.76,5.81,2169.7,2163.9,251.1437,4258,7086.73,207.5778,43.727,100,E,-0.83,35.12
Germany,DE,DE,2026-02-23 14:13:04,2026-01-26,2026-01-27,90.286,903.9000,9.99,265.55,2395,2129.5,251.1437,4258,7086.73,203.4533,47.785,100,C,-0.83,35.95
Germany,DE,DE,2026-02-09 08:14:49,2026-01-25,2026-01-26,92.3618,903.9000,10.22,17.09,1776.8,1759.8,251.1437,4258,7086.73,203.2033,48.035,100,C,-0.7,36.78
Germany,DE,DE,2026-02-09 08:14:06,2026-01-24,2026-01-25,94.1099,903.9000,10.41,15.65,1561.8,1546.2,251.1437,4258,7086.73,203.2033,48.035,100,C,-0.62,37.47
Germany,DE,DE,2026-02-09 08:13:30,2026-01-23,2026-01-24,95.6605,903.9000,10.58,28.37,2006.2,1977.9,251.1437,4258,7086.73,203.2033,48.035,100,C,-0.76,38.09
Germany,DE,DE,2026-02-09 08:12:53,2026-01-22,2026-01-23,97.5774,903.9000,10.8,20.04,2250.1,2230.1,251.1437,4258,7086.73,203.2033,48.035,100,C,-0.87,38.85
Germany,DE,DE,2026-02-09 08:12:17,2026-01-21,2026-01-22,99.762,903.9000,11.04,13.19,2037.9,2024.8,251.1437,4258,7086.73,203.2033,48.035,100,C,-0.8,39.72
Germany,DE,DE,2026-02-09 08:11:36,2026-01-20,2026-01-21,101.7587,903.9000,11.26,7.35,2379.6,2372.3,251.1437,4258,7086.73,203.2033,48.035,100,C,-0.94,40.52
Germany,DE,DE,2026-02-09 08:11:09,2026-01-19,2026-01-20,104.1152,903.9000,11.52,1.84,2105.4,2103.6,251.1437,4258,7086.73,203.2033,48.035,100,C,-0.83,41.46
Germany,DE,DE,2026-02-09 08:10:43,2026-01-18,2026-01-19,106.1946,903.9000,11.75,38.1,1245.9,1207.8,251.1437,4258,7086.73,203.2033,48.035,100,C,-0.48,42.28
Germany,DE,DE,2026-02-09 08:10:07,2026-01-17,2026-01-18,107.3905,903.9000,11.88,69.99,1093,1023.1,251.1437,4258,7086.73,203.2033,48.035,100,C,-0.41,42.76
Germany,DE,DE,2026-02-09 08:09:43,2026-01-16,2026-01-17,108.4229,903.9000,12,105.19,1099.8,994.6,251.1437,4258,7086.73,203.2033,48.035,100,C,-0.38,43.17
Germany,DE,DE,2026-02-09 08:08:40,2026-01-15,2026-01-16,109.3779,903.9000,12.1,39.19,1233.1,1193.9,251.1437,4258,7086.73,203.2033,48.035,100,C,-0.45,43.55
Germany,DE,DE,2026-02-09 08:08:05,2026-01-14,2026-01-15,110.5026,903.9000,12.23,95.79,1634.4,1538.6,251.1437,4258,7086.73,203.2033,48.035,100,E,-0.63,44
Germany,DE,DE,2026-02-09 08:07:34,2026-01-13,2026-01-14,112.0725,903.9000,12.4,35.12,1699.3,1664.1,251.1437,4258,7086.73,203.2033,48.035,100,E,-0.68,44.62
Germany,DE,DE,2026-02-09 08:06:47,2026-01-12,2026-01-13,113.784,903.9000,12.59,46.34,2657.4,2611,251.1437,4258,7086.73,203.2033,48.035,100,E,-1.04,45.31
Germany,DE,DE,2026-02-09 08:06:21,2026-01-11,2026-01-12,116.3947,903.9000,12.88,32.27,2498.7,2466.4,251.1437,4258,7086.73,203.2033,48.035,100,C,-0.98,46.35
Germany,DE,DE,2026-02-09 08:05:53,2026-01-10,2026-01-11,118.8577,903.9000,13.15,28.76,2455.4,2426.7,251.1437,4211.2,7086.73,203.2033,48.035,100,C,-0.97,47.33
Germany,DE,DE,2026-02-09 08:05:17,2026-01-09,2026-01-10,121.2975,903.9000,13.42,30.64,2261.3,2230.6,251.1437,4211.2,7086.73,203.2033,48.035,100,C,-0.91,48.3
Germany,DE,DE,2026-02-09 08:04:28,2026-01-08,2026-01-09,123.5749,903.9000,13.67,11.23,3256.3,3245.1,251.1437,4211.2,7086.73,203.2033,48.035,100,E,-1.27,49.2
Germany,DE,DE,2026-02-09 08:03:56,2026-01-07,2026-01-08,126.7709,903.9000,14.02,9.41,3425.8,3416.4,251.1437,4211.2,7086.73,203.2033,48.035,100,C,-1.31,50.48
Germany,DE,DE,2026-02-09 08:03:14,2026-01-06,2026-01-07,130.054,903.9000,14.39,0,3187.4,3187.4,251.1437,4211.2,7086.73,203.2033,48.035,100,C,-1.23,51.78
Germany,DE,DE,2026-02-09 08:02:31,2026-01-05,2026-01-06,133.1356,903.9000,14.73,12.03,3106.4,3094.4,251.1437,4211.2,7086.73,203.1733,48.065,100,C,-1.19,53.01
Germany,DE,DE,2026-02-09 08:01:47,2026-01-04,2026-01-05,136.1138,903.9000,15.06,2.88,2089.1,2086.2,251.1437,4211.2,7086.73,203.1733,48.065,100,C,-0.83,54.2
Germany,DE,DE,2026-02-09 08:00:58,2026-01-03,2026-01-04,138.1909,903.9000,15.29,6.55,1622.4,1615.9,251.1437,4211.2,7086.73,203.1733,48.065,100,C,-0.65,55.02
Germany,DE,DE,2026-02-09 08:00:18,2026-01-02,2026-01-03,139.8108,903.9000,15.47,7.95,1330.4,1322.4,251.1437,4211.2,7086.73,203.1733,48.065,100,C,-0.52,55.67
Germany,DE,DE,2026-02-09 07:58:40,2026-01-01,2026-01-02,141.1181,903.9000,15.61,28.63,1018.8,990.2,251.1437,4211.2,7086.73,203.1733,48.065,100,C,0,56.19
Germany,DE,DE,2026-02-09 07:59:31,2025-12-31,2026-01-01,142.1116,903.9000,15.72,18,1340.1,1322.2,251.1437,4211.2,7086.73,203.1733,48.065,-,C,-0.53,56.59
Germany,DE,DE,2026-01-21 09:21:32,2025-12-30,2025-12-31,143.446,903.9000,15.87,18.95,1457.2,1438.2,251.1437,4211.2,7086.73,203.1733,48.065,-,C,-0.56,57.12
Germany,DE,DE,2026-01-02 11:25:50,2025-12-29,2025-12-30,144.8559,903.9000,16.03,17.4,1553.9,1536.5,251.1437,4211.2,7086.73,203.1734,48.065,-,E,-0.61,57.68
Germany,DE,DE,2026-01-01 11:25:02,2025-12-28,2025-12-29,146.3856,903.9000,16.19,11.88,1085.4,1073.5,251.1437,4211.2,7086.73,203.1734,48.065,-,E,-0.43,58.29
Germany,DE,DE,2026-01-02 07:31:56,2025-12-27,2025-12-28,147.4637,903.9000,16.31,31.26,1087.1,1055.8,251.1437,4211.2,7086.73,203.1734,48.065,-,C,-0.42,58.72
Germany,DE,DE,2026-01-02 07:24:51,2025-12-26,2025-12-27,148.5261,903.9000,16.43,10.1,1616.9,1606.8,251.1437,4211.2,7086.73,203.1734,48.065,-,C,-0.64,59.14
Germany,DE,DE,2025-12-29 11:25:05,2025-12-25,2025-12-26,150.122,903.9000,16.61,10.4,1360.3,1349.9,251.1437,4211.2,7086.73,203.1734,48.065,-,C,-0.52,59.78
Germany,DE,DE,2025-12-28 11:25:05,2025-12-24,2025-12-25,151.4402,903.9000,16.75,24.48,839.6,815.1,251.1437,4211.2,7086.73,203.1734,48.065,-,C,-0.32,60.3
Germany,DE,DE,2025-12-27 11:25:05,2025-12-23,2025-12-24,152.2448,903.9000,16.84,22.09,703.1,681,251.1437,4211.2,7086.73,203.1734,48.065,-,C,-0.25,60.62
Germany,DE,DE,2025-12-26 11:25:05,2025-12-22,2025-12-23,152.8778,903.9000,16.91,9.31,631.3,621.9,251.1437,4211.2,7086.73,203.1734,48.065,-,C,-0.23,60.87
Germany,DE,DE,2025-12-25 11:20:44,2025-12-21,2025-12-22,153.4518,903.9000,16.98,25.74,237.2,211.4,251.1437,4211.2,7086.73,203.1734,48.065,-,C,-0.08,61.1
Germany,DE,DE,2025-12-24 14:21:49,2025-12-20,2025-12-21,153.6632,903.9000,17,14.45,463.3,448.9,251.1437,4211.2,7086.73,203.1734,48.065,-,C,-0.18,61.19
Germany,DE,DE,2025-12-24 14:20:28,2025-12-19,2025-12-20,154.1121,903.9000,17.05,23.58,351.4,327.8,251.1437,4211.2,7086.73,203.1734,48.065,-,C,-0.13,61.36
Germany,DE,DE,2025-12-24 14:19:40,2025-12-18,2025-12-19,154.4399,903.9000,17.09,78.31,349.2,270.9,251.1437,4211.2,7086.73,203.1734,48.065,-,C,-0.11,61.49
Germany,DE,DE,2025-12-24 14:18:36,2025-12-17,2025-12-18,154.7253,903.9000,17.12,7.66,1156.9,1149.2,251.1437,4211.2,7086.73,203.1734,48.065,-,E,-0.46,61.61
Germany,DE,DE,2025-12-20 11:25:02,2025-12-16,2025-12-17,155.8745,903.9000,17.24,19.57,1471.5,1451.9,251.1437,4211.2,7086.73,203.1734,48.065,-,C,-0.58,62.07
Germany,DE,DE,2025-12-19 11:25:02,2025-12-15,2025-12-16,157.3343,903.9000,17.41,29.44,1064.4,1035,251.1437,4211.2,7086.73,203.1734,48.065,-,C,-0.41,62.65
Germany,DE,DE,2025-12-18 11:25:02,2025-12-14,2025-12-15,158.3657,903.9000,17.52,28.91,489.6,460.6,251.1437,4211.2,7086.73,203.1734,48.065,-,C,-0.18,63.06
Germany,DE,DE,2025-12-17 11:25:02,2025-12-13,2025-12-14,158.8221,903.9000,17.57,46.14,643.7,597.5,251.1437,4211.2,7086.73,203.1734,48.065,-,C,-0.27,63.24
Germany,DE,DE,2025-12-16 11:25:05,2025-12-12,2025-12-13,159.493,903.9000,17.64,38.44,1136.8,1098.3,251.1437,4211.2,7086.73,203.1734,48.065,-,E,-0.44,63.51
Germany,DE,DE,2025-12-15 11:20:48,2025-12-11,2025-12-12,160.5947,903.9000,17.77,48.23,720.7,672.5,251.1437,4211.2,7086.73,203.1734,48.065,-,C,-0.26,63.95
Germany,DE,DE,2025-12-15 06:59:14,2025-12-10,2025-12-11,161.2433,903.9000,17.84,39.62,290.5,250.9,251.1437,4211.2,7086.73,203.1734,48.065,-,C,-0.1,64.2
Germany,DE,DE,2025-12-13 11:25:05,2025-12-09,2025-12-10,161.4942,903.9000,17.87,38.38,152.1,113.7,251.1437,4211.2,7086.73,203.1734,48.065,-,C,-0.05,64.3
Germany,DE,DE,2025-12-12 11:25:02,2025-12-08,2025-12-09,161.6139,903.9000,17.88,189.77,214.7,24.9,251.1437,4211.2,7086.73,203.1734,48.065,-,C,-0.01,64.35
Germany,DE,DE,2025-12-11 11:20:58,2025-12-07,2025-12-08,161.6329,903.9000,17.88,180.79,224.2,43.4,251.1437,4211.2,7086.73,203.1734,48.065,-,C,-0.02,64.36
Germany,DE,DE,2025-12-10 11:25:02,2025-12-06,2025-12-07,161.6846,903.9000,17.89,47.61,427.9,380.3,251.1437,4211.2,7086.73,203.1734,48.065,-,C,-0.16,64.38
Germany,DE,DE,2025-12-09 11:25:02,2025-12-05,2025-12-06,162.0745,903.9000,17.93,26.85,1318.7,1291.9,251.1437,4211.2,7086.73,203.1734,48.065,-,C,-0.5,64.53
Germany,DE,DE,2025-12-08 11:21:07,2025-12-04,2025-12-05,163.3268,903.9000,18.07,13.02,1454.2,1441.2,251.1437,4211.2,7086.73,203.1734,48.065,-,E,-0.58,65.03
Germany,DE,DE,2025-12-08 07:45:23,2025-12-03,2025-12-04,164.7716,903.9000,18.23,12.8,1776.2,1763.4,251.1437,4211.2,7086.73,203.1734,48.065,-,C,-0.7,65.61
Germany,DE,DE,2025-12-06 11:25:04,2025-12-02,2025-12-03,166.5336,903.9000,18.42,14.28,1102.5,1088.2,251.1437,4211.2,7086.73,203.1734,48.065,-,C,-0.43,66.31
Germany,DE,DE,2025-12-05 11:20:50,2025-12-01,2025-12-02,167.6205,903.9000,18.54,30.02,1020.8,990.7,251.1437,4211.2,7086.73,203.1734,48.065,-,E,-0.39,66.74
Germany,DE,DE,2025-12-04 11:25:03,2025-11-30,2025-12-01,168.6038,903.9000,18.65,43.84,363.1,319.2,251.1437,4211.2,7086.73,202.9491,48.2893,-,C,-0.13,67.13
Germany,DE,DE,2025-12-03 11:20:46,2025-11-29,2025-11-30,168.923,903.9000,18.69,50.58,405.1,354.5,251.1437,4211.2,7086.73,202.9491,48.2893,-,C,-0.14,67.26
Germany,DE,DE,2025-12-02 11:20:51,2025-11-28,2025-11-29,169.2775,903.9000,18.73,6.45,1020,1013.6,251.1437,4211.2,7086.73,202.9491,48.2893,-,C,-0.42,67.4
Germany,DE,DE,2025-12-01 11:25:02,2025-11-27,2025-11-28,170.326,903.9000,18.84,22.14,1571.8,1549.6,251.1437,4211.2,7086.73,202.9491,48.2893,-,C,-0.63,67.82
Germany,DE,DE,2025-11-30 11:25:03,2025-11-26,2025-11-27,171.9039,903.9000,19.02,14.97,2058.4,2043.4,251.1437,4211.2,7086.73,202.9491,48.2893,-,C,-0.82,68.45
Germany,DE,DE,2025-11-29 11:25:03,2025-11-25,2025-11-26,173.9516,903.9000,19.24,18.55,1853.5,1834.9,251.1437,4211.2,7086.73,202.9491,48.2893,-,C,-0.72,69.26
Germany,DE,DE,2025-11-28 11:25:02,2025-11-24,2025-11-25,175.7549,903.9000,19.44,12.06,1670.9,1658.8,251.1437,4211.2,7086.73,202.9491,48.2893,-,C,-0.66,69.98
Germany,DE,DE,2025-11-27 11:25:02,2025-11-23,2025-11-24,177.4075,903.9000,19.63,20.82,1292.1,1271.3,251.1437,4211.2,7086.73,202.9491,48.2893,-,C,-0.51,70.64
Germany,DE,DE,2025-11-26 11:25:02,2025-11-22,2025-11-23,178.6885,903.9000,19.77,1.08,1375.3,1374.2,251.1437,4211.2,7086.73,202.9491,48.2893,-,C,-0.54,71.15
Germany,DE,DE,2025-11-25 11:25:03,2025-11-21,2025-11-22,180.0399,903.9000,19.92,3.32,1972.2,1968.9,251.1437,4211.2,7086.73,202.9491,48.2893,-,C,-0.79,71.69
Germany,DE,DE,2025-11-24 11:25:04,2025-11-20,2025-11-21,182.0119,903.9000,20.14,11.38,1743.7,1732.3,251.1437,4211.2,7086.73,202.9491,48.2893,-,C,-0.69,72.47
Germany,DE,DE,2025-11-23 11:25:02,2025-11-19,2025-11-20,183.7444,903.9000,20.33,15.97,1333.2,1317.2,251.1437,4211.2,7086.73,202.9491,48.2893,-,C,-0.51,73.16
Germany,DE,DE,2025-11-22 11:25:03,2025-11-18,2025-11-19,185.0321,903.9000,20.47,12.92,1244.1,1231.2,251.1437,4211.2,7086.73,202.9491,48.2893,-,C,-0.62,73.68
Germany,DE,DE,2025-11-21 11:20:48,2025-11-17,2025-11-18,186.5933,903.9000,20.64,17.11,823.4,806.3,251.1437,4211.2,7086.73,202.9491,48.2893,-,C,-0.32,74.3
Germany,DE,DE,2025-11-20 11:25:02,2025-11-16,2025-11-17,187.3973,903.9000,20.73,41.85,164.9,123,251.1437,4211.2,7086.73,202.7482,48.4902,-,C,-0.05,74.62
Germany,DE,DE,2025-11-19 11:25:02,2025-11-15,2025-11-16,187.5111,903.9000,20.74,97.59,133.2,35.6,251.1437,4211.2,7086.73,202.7482,48.4902,-,C,-0.01,74.66
Germany,DE,DE,2025-11-18 11:25:03,2025-11-14,2025-11-15,187.5467,903.9000,20.75,107.73,213.8,106,251.1437,4211.2,7086.73,202.7482,48.4902,-,C,-0.04,74.68
Germany,DE,DE,2025-11-18 09:08:04,2025-11-13,2025-11-14,187.6527,903.9000,20.76,106.92,89.2,-17.7,251.1437,4211.2,7086.73,202.7482,48.4902,-,C,0.01,74.72
Germany,DE,DE,2025-11-16 11:20:55,2025-11-12,2025-11-13,187.6351,903.9000,20.76,172.05,57.3,-114.8,251.1437,4211.2,7086.73,202.7482,48.4902,-,C,0.05,74.71
Germany,DE,DE,2025-11-15 11:25:02,2025-11-11,2025-11-12,187.5203,903.9000,20.75,181.12,146.8,-34.3,251.1437,4211.2,7086.73,202.7482,48.4902,-,C,0.01,74.67
Germany,DE,DE,2025-11-14 11:25:02,2025-11-10,2025-11-11,187.4961,903.9000,20.74,91.22,527.9,436.7,251.1437,4211.2,7086.73,202.7482,48.4902,-,C,-0.17,74.66
Germany,DE,DE,2025-11-13 11:21:08,2025-11-09,2025-11-10,187.9335,903.9000,20.79,66.02,192,126,251.1437,4211.2,7086.73,202.7482,48.4902,-,C,-0.05,74.83
Germany,DE,DE,2025-11-12 11:25:05,2025-11-08,2025-11-09,188.0595,903.9000,20.81,73.65,271.8,198.1,251.1437,4211.2,7086.73,202.7482,48.4902,-,C,-0.08,74.88
Germany,DE,DE,2025-11-11 11:25:02,2025-11-07,2025-11-08,188.2576,903.9000,20.83,3.82,499.3,495.5,251.1437,4211.2,7086.73,202.7482,48.4902,-,C,-0.19,74.96
Germany,DE,DE,2025-11-10 11:25:02,2025-11-06,2025-11-07,188.747,903.9000,20.88,32.05,447.4,415.4,251.1437,4211.2,7086.73,202.7482,48.4902,-,C,-0.16,75.15
Germany,DE,DE,2025-11-09 11:25:03,2025-11-05,2025-11-06,189.1609,903.9000,20.93,51.29,14.2,-37.1,251.1437,4211.2,7086.73,202.7242,48.5142,-,C,0.01,75.32
Germany,DE,DE,2025-11-08 11:25:02,2025-11-04,2025-11-05,189.1247,903.9000,20.92,186.57,10.3,-176.2,251.1437,4211.2,7086.73,202.7242,48.5142,-,C,0.07,75.31
Germany,DE,DE,2025-11-07 11:25:02,2025-11-03,2025-11-04,188.9506,903.9000,20.9,93.99,80.3,-13.7,251.1437,4211.2,7086.73,202.7242,48.5142,-,C,0.01,75.24
Germany,DE,DE,2025-11-06 11:25:03,2025-11-02,2025-11-03,188.9352,903.9000,20.9,286.89,34.8,-252.1,251.1437,4211.2,7086.73,202.6526,48.5858,-,C,0.1,75.23
Germany,DE,DE,2025-11-05 11:25:03,2025-11-01,2025-11-02,188.6759,903.9000,20.87,453.15,2.4,-450.8,251.1437,4211.2,7086.73,202.6526,48.5858,-,C,0.18,75.13
Germany,DE,DE,2025-11-04 11:25:03,2025-10-31,2025-11-01,188.2252,903.9000,20.82,116.14,193.8,77.6,251.1601,4211.2,7086.73,203.3763,47.8784,-,C,-0.03,74.94
Germany,DE,DE,2025-11-03 11:20:44,2025-10-30,2025-10-31,188.3028,903.9000,20.83,105.7,84.6,-21.1,251.1601,4211.2,7086.73,203.3763,47.8784,-,C,0.01,74.97
Germany,DE,DE,2025-11-03 07:06:42,2025-10-29,2025-10-30,188.2818,903.9000,20.83,37.21,287.3,250.1,250.8801,4211.2,7086.73,203.3763,47.5984,-,C,-0.1,75.05
Germany,DE,DE,2025-10-30 16:25:02,2025-10-28,2025-10-29,188.5342,903.9000,20.86,67.66,69.3,1.6,250.8801,4211.2,7086.73,203.3763,47.5984,-,C,-0,75.15
Germany,DE,DE,2025-10-29 16:25:03,2025-10-27,2025-10-28,188.5358,903.9000,20.86,21.18,481.7,460.5,250.8801,4211.2,7086.73,203.3738,47.6009,-,C,-0.18,75.15
Germany,DE,DE,2025-10-29 06:02:46,2025-10-26,2025-10-27,188.9945,903.9000,20.91,65.67,78.4,12.7,250.8801,4211.2,7086.73,203.3738,47.6009,-,C,-0.01,75.33
Germany,DE,DE,2025-10-29 07:21:29,2025-10-25,2025-10-26,189.0073,903.9000,20.91,81.44,75.6,-5.9,250.8801,4348.8,7309.36,203.3738,47.6009,-,C,0,75.34
Germany,DE,DE,2025-10-27 06:32:27,2025-10-24,2025-10-25,189.0014,903.9000,20.91,33.99,159.8,125.8,250.8801,4211.2,7086.73,203.3738,47.6009,-,C,-0.05,75.34
Germany,DE,DE,2025-10-25 16:25:20,2025-10-23,2025-10-24,189.1277,903.9000,20.92,88.5,36.6,-51.9,250.8801,4211.2,7086.73,203.3738,47.6009,-,C,0.02,75.39
Germany,DE,DE,2025-10-24 16:25:05,2025-10-22,2025-10-23,189.0758,903.9000,20.92,33.16,149.8,116.6,250.8801,4211.2,7086.73,203.3738,47.6009,-,C,-0.05,75.37
Germany,DE,DE,2025-10-23 16:25:17,2025-10-21,2025-10-22,189.1924,903.9000,20.93,75.58,149.9,74.3,250.8801,4211.2,7086.73,203.3738,47.6009,-,C,-0.03,75.41
Germany,DE,DE,2025-10-22 16:25:05,2025-10-20,2025-10-21,189.2633,903.9000,20.94,66.89,135.4,68.5,250.8801,4211.2,7086.73,203.3738,47.6009,-,C,-0.03,75.44
Germany,DE,DE,2025-10-21 16:25:05,2025-10-19,2025-10-20,189.3327,903.9000,20.95,136.1,55,-81.1,250.8801,4211.2,7086.73,203.3738,47.6009,-,C,0.03,75.47
Germany,DE,DE,2025-10-20 16:25:20,2025-10-18,2025-10-19,189.2667,903.9000,20.94,99.19,78.5,-20.7,250.8801,4211.2,7086.73,203.3738,47.6009,-,C,0.01,75.44
Germany,DE,DE,2025-10-20 11:34:07,2025-10-17,2025-10-18,189.2445,903.9000,20.94,75.85,201.9,126,250.8801,4211.2,7086.73,203.3738,47.6009,-,C,-0.05,75.43
Germany,DE,DE,2025-10-20 11:33:24,2025-10-16,2025-10-17,189.3715,903.9000,20.95,30.69,517.2,486.5,250.8801,4211.2,7086.73,203.3738,47.6009,-,C,-0.19,75.48
Germany,DE,DE,2025-10-17 16:25:03,2025-10-15,2025-10-16,189.8502,903.9000,21,28.64,391,362.4,250.8801,4211.2,7086.73,203.3738,47.6009,-,C,-0.15,75.67
Germany,DE,DE,2025-10-16 16:25:02,2025-10-14,2025-10-15,190.2227,903.9000,21.04,40.5,289.8,249.3,250.8801,4211.2,7086.73,203.3738,47.6009,-,C,-0.1,75.82
Germany,DE,DE,2025-10-16 09:10:43,2025-10-13,2025-10-14,190.4641,903.9000,21.07,39.66,504.8,465.1,250.8801,4211.2,7086.73,203.3738,46.4509,-,C,-0.18,75.92
Germany,DE,DE,2025-10-14 16:25:05,2025-10-12,2025-10-13,190.9141,903.9000,21.12,134.71,85.7,-49,250.8801,4211.2,7086.73,203.3738,46.4509,-,C,0.02,76.1
Germany,DE,DE,2025-10-13 16:25:02,2025-10-11,2025-10-12,190.865,903.9000,21.12,225.47,74.1,-151.4,250.8801,4211.2,7086.73,203.3738,46.4509,-,C,0.05,76.08
Germany,DE,DE,2025-10-13 10:16:04,2025-10-10,2025-10-11,190.7396,903.9000,21.1,108.58,55.2,-53.4,250.8801,4211.2,7086.73,203.3738,46.4509,-,C,0.01,76.03
Germany,DE,DE,2025-10-13 10:15:16,2025-10-09,2025-10-10,190.703,903.9000,21.1,117.91,105.7,-12.2,250.8801,4211.2,7086.73,203.368,46.4509,-,C,0,76.01
Germany,DE,DE,2025-10-10 16:27:20,2025-10-08,2025-10-09,190.7023,903.9000,21.1,102.7,294.4,191.7,250.8801,4211.2,7086.73,203.5921,46.4509,-,C,-0.07,76.01
Germany,DE,DE,2025-10-09 16:25:05,2025-10-07,2025-10-08,190.8762,903.9000,21.12,57.95,320.9,262.9,250.8801,4211.2,7086.73,203.5921,46.4509,-,C,-0.11,76.08
Germany,DE,DE,2025-10-08 16:25:04,2025-10-06,2025-10-07,191.1466,903.9000,21.15,94.39,576.6,482.2,250.8801,4211.2,7086.73,203.5121,46.5309,-,C,-0.19,76.19
Germany,DE,DE,2025-10-07 16:25:05,2025-10-05,2025-10-06,191.6228,903.9000,21.2,290.81,147.2,-143.6,250.8301,4211.2,7086.73,203.4621,46.5309,-,C,0.06,76.4
Germany,DE,DE,2025-10-06 16:25:04,2025-10-04,2025-10-05,191.4762,903.9000,21.18,337.99,10.4,-327.6,250.8301,4211.2,7086.73,203.3621,46.6309,-,C,0.13,76.34
Germany,DE,DE,2025-10-06 08:06:51,2025-10-03,2025-10-04,191.1414,903.9000,21.15,70.51,77.6,7.1,250.8301,4211.2,7086.73,203.3621,46.6309,-,C,-0,76.2
Germany,DE,DE,2025-10-10 07:36:18,2025-10-02,2025-10-03,191.1469,903.9000,21.15,36.31,313.1,276.8,250.8301,4211.2,7086.73,203.3621,46.6309,-,C,-0.11,76.21
Germany,DE,DE,2025-10-06 12:09:18,2025-10-01,2025-10-02,191.4178,903.9000,21.18,28.76,293.3,264.6,250.8301,4211.2,7086.73,203.362,46.6309,-,C,-0.11,76.31
Germany,DE,DE,2025-10-02 16:21:03,2025-09-30,2025-10-01,191.6921,903.9000,21.21,56.39,74.3,17.9,249.9838,4211.2,7086.73,203.5121,46.7847,-,C,-0.05,76.68
Germany,DE,DE,2025-10-01 16:25:04,2025-09-29,2025-09-30,191.8158,903.9000,21.22,72.89,75.7,2.8,249.9838,4211.2,7086.73,203.5121,46.7847,-,E,-0,76.73
Germany,DE,DE,2025-10-01 05:20:07,2025-09-28,2025-09-29,191.8201,903.9000,21.22,304.92,30.6,-274.3,249.9838,4211.2,7086.73,203.3281,46.9687,-,C,0.11,76.73
Germany,DE,DE,2025-10-03 12:10:09,2025-09-27,2025-09-28,191.5459,903.9000,21.19,317.31,5.6,-311.7,249.9838,4211.2,7086.73,203.3281,46.9687,-,C,0.12,76.62
Germany,DE,DE,2025-10-01 05:30:18,2025-09-26,2025-09-27,191.2342,903.9000,21.16,140.11,51.3,-88.8,249.9838,4211.2,7086.73,203.3281,46.9687,-,C,0.04,76.5
Germany,DE,DE,2025-10-01 05:30:14,2025-09-25,2025-09-26,191.1453,903.9000,21.15,129.91,58.6,-71.3,249.9838,4211.2,7086.73,203.3281,46.9687,-,C,0.02,76.46
Germany,DE,DE,2025-10-01 05:30:16,2025-09-24,2025-09-25,191.0942,903.9000,21.14,65.63,90.7,25,249.9838,4211.2,7086.73,203.3281,46.9687,-,C,-0.01,76.44
Germany,DE,DE,2025-09-25 16:25:03,2025-09-23,2025-09-24,191.1177,903.9000,21.14,72.54,143.1,70.6,249.9838,4211.2,7086.73,203.3281,46.9687,-,C,-0.03,76.45
Germany,DE,DE,2025-09-24 16:25:03,2025-09-22,2025-09-23,191.1885,903.9000,21.15,162.54,105,-57.5,249.4238,4211.2,7086.73,203.1481,47.1487,-,C,0.02,76.65
Germany,DE,DE,2025-09-30 08:03:17,2025-09-21,2025-09-22,191.1308,903.9000,21.15,651.57,18.8,-632.8,249.4238,4211.2,7086.73,203.5505,47.1487,-,C,0.25,76.63
Germany,DE,DE,2025-09-24 15:41:45,2025-09-20,2025-09-21,190.498,903.9000,21.08,652.85,12.6,-640.3,249.4238,4211.2,7086.73,203.5505,47.1487,-,C,0.25,76.38
Germany,DE,DE,2025-09-24 15:40:18,2025-09-19,2025-09-20,189.866,903.9000,21.01,351.38,5.8,-345.6,249.4238,4211.2,7086.73,203.5505,47.1487,-,C,0.13,76.12
Germany,DE,DE,2025-09-24 15:32:16,2025-09-18,2025-09-19,189.5304,903.9000,20.97,338.35,8.1,-330.3,249.4238,4211.2,7086.73,203.5505,47.1487,-,C,0.13,75.99
Germany,DE,DE,2025-09-24 15:31:10,2025-09-17,2025-09-18,189.2121,903.9000,20.93,271.85,8.7,-263.2,249.4238,4211.2,7086.73,203.5505,47.1487,-,C,0.1,75.86
Germany,DE,DE,2025-09-24 15:30:10,2025-09-16,2025-09-17,188.9555,903.9000,20.9,347.03,10.8,-336.2,249.4238,4211.2,7086.73,203.5505,47.1487,-,E,0.13,75.76
Germany,DE,DE,2025-09-24 15:29:19,2025-09-15,2025-09-16,188.6193,903.9000,20.87,573.26,3.5,-569.8,249.4238,4211.2,7086.73,202.9729,47.1663,-,C,0.23,75.62
Germany,DE,DE,2025-09-16 16:25:03,2025-09-14,2025-09-15,188.0571,903.9000,20.81,688.68,4.1,-684.6,249.4238,4211.2,7086.73,202.9729,47.1663,-,C,0.27,75.4
Germany,DE,DE,2025-09-16 08:16:09,2025-09-13,2025-09-14,187.3813,903.9000,20.73,726.36,2.8,-723.6,249.4238,4211.2,7086.73,202.9729,47.1663,-,E,0.29,75.13
Germany,DE,DE,2025-09-16 08:15:44,2025-09-12,2025-09-13,186.6666,903.9000,20.65,621.38,7.7,-613.7,249.4238,4211.2,7086.73,202.9729,47.1663,-,C,0.25,74.84
Germany,DE,DE,2025-09-16 08:16:05,2025-09-11,2025-09-12,186.0495,903.9000,20.58,486.56,26.7,-459.9,249.4238,4211.2,7086.73,202.9729,47.1663,-,C,0.18,74.59
Germany,DE,DE,2025-09-16 08:15:56,2025-09-10,2025-09-11,185.5896,903.9000,20.53,463.04,16.3,-446.8,249.4238,4211.2,7086.73,202.9729,47.1663,-,C,0.17,74.41
Germany,DE,DE,2025-09-16 08:16:11,2025-09-09,2025-09-10,185.1596,903.9000,20.48,297.34,46.1,-251.2,249.4238,4211.2,7086.73,202.9729,47.1663,-,C,0.1,74.23
Germany,DE,DE,2025-09-16 08:16:14,2025-09-08,2025-09-09,184.9099,903.9000,20.46,415.3,56,-359.3,249.1398,4211.2,7086.73,202.9729,46.8823,-,C,0.14,74.22
Germany,DE,DE,2025-09-16 08:16:07,2025-09-07,2025-09-08,184.553,903.9000,20.42,984.27,18.8,-965.5,249.1398,4211.2,7086.73,202.4329,47.4223,-,C,0.38,74.08
Germany,DE,DE,2025-09-24 15:26:45,2025-09-06,2025-09-07,183.5947,903.9000,20.31,906.27,3.1,-903.2,249.1398,4211.2,7086.73,202.4329,47.4223,-,C,0.36,73.69
Germany,DE,DE,2025-09-16 08:15:52,2025-09-05,2025-09-06,182.6921,903.9000,20.21,564.22,4.2,-560,249.1398,4211.2,7086.73,202.4329,47.4223,-,C,0.25,73.33
Germany,DE,DE,2025-09-16 08:15:54,2025-09-04,2025-09-05,182.0805,903.9000,20.14,715.45,3.3,-712.2,249.1398,4211.2,7086.73,202.4329,47.4223,-,E,0.34,73.08
Germany,DE,DE,2025-09-16 08:15:50,2025-09-03,2025-09-04,181.2279,903.9000,20.05,636.07,2.7,-633.4,249.1398,4211.2,7086.73,202.4329,47.4223,-,C,0.25,72.74
Germany,DE,DE,2025-09-16 08:15:46,2025-09-02,2025-09-03,180.6084,903.9000,19.98,328.14,16.1,-312.1,248.9648,4211.2,7086.73,203.0621,47.4223,-,E,0.09,72.54
Germany,DE,DE,2025-09-16 08:15:48,2025-09-01,2025-09-02,180.3845,903.9000,19.96,3753,30,-3723,248.6648,4211.2,7086.73,202.4559,47.7285,-,E,1.49,72.54
Germany,DE,DE,2025-09-16 08:15:58,2025-08-31,2025-09-01,176.6675,903.9000,19.55,981.13,6.3,-974.8,248.6648,4211.2,7086.73,201.5221,48.746,-,C,0.4,71.05
Germany,DE,DE,2025-09-16 08:15:19,2025-08-30,2025-08-31,175.6844,903.9000,19.44,996.14,0.9,-995.2,248.6648,4211.2,7086.73,201.0421,49.226,-,C,0.39,70.65
Germany,DE,DE,2025-09-16 08:15:23,2025-08-29,2025-08-30,174.7041,903.9000,19.33,857.52,15.3,-842.2,248.6648,4211.2,7086.73,201.0421,49.226,-,C,0.33,70.26
Germany,DE,DE,2025-09-16 08:15:12,2025-08-28,2025-08-29,173.8767,903.9000,19.24,730.86,2.1,-728.8,248.6648,4211.2,7086.73,201.0421,49.226,-,C,0.29,69.92
Germany,DE,DE,2025-09-16 08:15:17,2025-08-27,2025-08-28,173.1505,903.9000,19.16,457.09,16.7,-440.4,248.7872,4211.2,7086.73,200.4949,49.8956,-,C,0.18,69.6
Germany,DE,DE,2025-09-16 08:15:21,2025-08-26,2025-08-27,172.7102,903.9000,19.11,639.29,12.2,-627.1,248.7872,4211.2,7086.73,200.4949,49.8956,-,C,0.25,69.42
Germany,DE,DE,2025-09-16 08:15:28,2025-08-25,2025-08-26,172.083,903.9000,19.04,660.93,15.2,-645.7,248.7872,4211.2,7086.73,200.4949,49.8956,-,C,0.26,69.17
Germany,DE,DE,2025-09-16 08:15:33,2025-08-24,2025-08-25,171.4373,903.9000,18.97,884.69,3.7,-881,248.7872,4211.2,7086.73,200.4949,49.8956,-,C,0.35,68.91
Germany,DE,DE,2025-09-16 08:15:35,2025-08-23,2025-08-24,170.5564,903.9000,18.87,915.04,4.4,-910.7,248.7872,4211.2,7086.73,200.4949,49.8956,-,C,0.37,68.56
Germany,DE,DE,2025-09-16 08:15:25,2025-08-22,2025-08-23,169.6457,903.9000,18.77,656.37,37.3,-619,248.7872,4211.2,7086.73,200.4949,49.8956,-,C,0.25,68.19
Germany,DE,DE,2025-09-16 08:15:30,2025-08-21,2025-08-22,169.0267,903.9000,18.7,715.98,17.6,-698.3,248.7872,4211.2,7086.73,200.4949,49.8956,-,C,0.28,67.94
Germany,DE,DE,2025-09-16 08:15:40,2025-08-20,2025-08-21,168.3259,903.9000,18.62,638.08,19.4,-618.7,248.7872,4211.2,7086.73,200.4949,49.8956,-,C,0.25,67.66
Germany,DE,DE,2025-09-16 08:15:42,2025-08-19,2025-08-20,167.7072,903.9000,18.55,746.29,3.5,-742.8,248.7872,4211.2,7086.73,198.3349,52.0556,-,C,0.3,67.41
Germany,DE,DE,2025-09-16 08:15:14,2025-08-18,2025-08-19,166.9644,903.9000,18.47,671.95,16.2,-655.8,248.7872,4211.2,7086.73,198.3349,52.0556,-,C,0.26,67.11
Germany,DE,DE,2025-09-16 08:15:36,2025-08-17,2025-08-18,166.3086,903.9000,18.4,931.98,1.8,-930.2,248.7872,4211.2,7086.73,198.3349,52.0556,-,C,0.37,66.85
Germany,DE,DE,2025-09-16 08:15:38,2025-08-16,2025-08-17,165.3805,903.9000,18.3,930.18,25.4,-904.8,248.7872,4211.2,7086.73,198.3349,52.0556,-,E,0.36,66.47
Germany,DE,DE,2025-09-16 08:16:50,2025-08-15,2025-08-16,164.4735,903.9000,18.2,978.17,3.2,-975,248.7475,4211.2,7086.73,198.2952,52.0556,-,E,0.39,66.12
Germany,DE,DE,2025-09-16 08:17:12,2025-08-14,2025-08-15,163.5007,903.9000,18.09,765.82,22,-743.8,248.7475,4211.2,7086.73,196.7952,53.5556,-,C,0.3,65.73
Germany,DE,DE,2025-09-16 08:17:18,2025-08-13,2025-08-14,162.763,903.9000,18.01,637.2,13.5,-623.7,248.7475,4211.2,7086.73,194.4134,55.9374,-,C,0.25,65.43
Germany,DE,DE,2025-09-16 09:15:03,2025-08-12,2025-08-13,162.1392,903.9000,17.94,729.6,31.1,-698.5,248.7475,4211.2,7086.73,192.4134,57.9374,-,C,0.28,65.18
Germany,DE,DE,2025-09-16 08:17:23,2025-08-11,2025-08-12,161.4407,903.9000,17.86,897.35,7.1,-890.3,248.2187,4211.2,7086.73,190.5084,59.3136,-,C,0.36,65.04
Germany,DE,DE,2025-09-16 08:17:20,2025-08-10,2025-08-11,160.5504,903.9000,17.76,1141.44,4,-1137.4,248.2187,4211.2,7086.73,190.5084,59.3136,-,C,0.46,64.68
Germany,DE,DE,2025-09-16 08:17:16,2025-08-09,2025-08-10,159.413,903.9000,17.64,1098.11,56.9,-1041.2,248.2187,4211.2,7086.73,190.5084,59.3137,-,C,0.42,64.22
Germany,DE,DE,2025-09-16 08:17:14,2025-08-08,2025-08-09,158.3778,903.9000,17.52,893.38,46.1,-847.3,247.7187,4205.2,7080.73,187.5161,61.8059,-,C,0.34,63.93
Germany,DE,DE,2025-09-16 08:17:06,2025-08-07,2025-08-08,157.5353,903.9000,17.43,867.95,41.5,-826.5,247.7187,4205.2,7080.73,186.5261,62.7959,-,C,0.33,63.59
Germany,DE,DE,2025-09-16 08:17:08,2025-08-06,2025-08-07,156.7114,903.9000,17.34,916.66,1.1,-915.5,247.7187,4205.2,7080.73,183.5105,65.8115,-,C,0.36,63.26
Germany,DE,DE,2025-09-16 08:17:10,2025-08-05,2025-08-06,155.8115,903.9000,17.24,1115.09,8.1,-1106.9,247.7187,4205.2,7080.73,183.2105,66.1116,-,C,0.44,62.9
Germany,DE,DE,2025-09-16 08:16:55,2025-08-04,2025-08-05,154.7213,903.9000,17.12,957.3,0.5,-956.8,247.7187,4205.2,7080.73,183.2105,66.1116,-,C,0.39,62.46
Germany,DE,DE,2025-09-16 08:17:04,2025-08-03,2025-08-04,153.7645,903.9000,17.01,1200.93,2.7,-1198.3,247.7187,4205.2,7080.73,183.2105,66.1116,-,C,0.48,62.07
Germany,DE,DE,2025-09-16 08:16:37,2025-08-02,2025-08-03,152.5849,903.9000,16.88,1185.98,2.3,-1183.7,247.7187,4205.2,7080.73,183.2105,66.1116,-,C,0.57,61.6
Germany,DE,DE,2025-09-16 08:17:02,2025-08-01,2025-08-02,151.1612,903.9000,16.72,918.41,38.1,-880.4,247.7187,4205.2,7080.73,183.2105,66.1116,-,C,0.31,61.02
Germany,DE,DE,2025-09-16 08:16:53,2025-07-31,2025-08-01,150.3971,903.9000,16.64,667.36,29.3,-638,247.3579,4205.2,7080.73,182.9761,66.3259,-,E,0.26,60.8
Germany,DE,DE,2025-09-16 08:16:25,2025-07-30,2025-07-31,149.7583,903.9000,16.57,959.58,23.8,-935.8,247.2769,4205.2,7080.73,182.8951,66.3259,-,E,0.38,60.56
Germany,DE,DE,2025-09-16 08:16:25,2025-07-29,2025-07-30,148.8225,903.9000,16.46,843.06,15.6,-827.4,247.2769,4205.2,7080.73,182.8501,65.9709,-,C,0.34,60.18
Germany,DE,DE,2025-09-16 08:16:23,2025-07-28,2025-07-29,147.9933,903.9000,16.37,996.23,13.7,-982.5,247.2769,4205.2,7080.73,182.8501,66.3709,-,C,0.4,59.85
Germany,DE,DE,2025-09-16 08:16:21,2025-07-27,2025-07-28,147.0039,903.9000,16.26,1115.71,10.8,-1104.9,247.2769,4205.2,7080.73,182.8501,66.3709,-,C,0.45,59.45
Germany,DE,DE,2025-09-16 08:16:57,2025-07-26,2025-07-27,145.899,903.9000,16.14,996.06,8.8,-987.2,247.2769,4205.2,7080.73,182.8501,66.3709,-,C,0.4,59
Germany,DE,DE,2025-09-16 08:16:59,2025-07-25,2025-07-26,144.9117,903.9000,16.03,639.51,38.7,-600.8,247.2769,4205.2,7080.73,182.8501,66.3709,-,C,0.25,58.6
Germany,DE,DE,2025-09-16 08:16:28,2025-07-24,2025-07-25,144.3055,903.9000,15.96,503.68,114.8,-388.8,247.2769,4205.2,7080.73,182.8501,66.3709,-,C,0.16,58.36
Germany,DE,DE,2025-09-16 08:16:30,2025-07-23,2025-07-24,143.9156,903.9000,15.92,651.44,22.4,-629,247.2769,4205.2,7080.73,182.8501,66.3709,-,C,0.25,58.2
Germany,DE,DE,2025-09-16 08:16:35,2025-07-22,2025-07-23,143.2904,903.9000,15.85,671.59,41.6,-630,247.2769,4205.06,7080.73,182.8501,66.3709,-,C,0.26,57.95
Germany,DE,DE,2025-09-16 08:16:32,2025-07-21,2025-07-22,142.6596,903.9000,15.78,675.29,39.2,-636.1,247.2372,4205.06,7080.73,182.8104,66.3709,-,C,0.26,57.7
Germany,DE,DE,2025-09-16 08:16:43,2025-07-20,2025-07-21,142.0248,903.9000,15.71,1112.68,17.8,-1094.9,247.2372,4205.06,7080.73,182.5854,66.5959,-,C,0.44,57.44
Germany,DE,DE,2025-09-16 08:16:39,2025-07-19,2025-07-20,140.9293,903.9000,15.59,1130.89,26.4,-1104.5,247.2372,4205.06,7080.73,182.5854,66.5959,-,C,0.45,57
Germany,DE,DE,2025-09-16 08:16:19,2025-07-18,2025-07-19,139.8247,903.9000,15.47,661.75,12.6,-649.1,247.2372,4205.06,7080.73,183.2539,66.5959,-,C,0.26,56.55
Germany,DE,DE,2025-09-16 08:16:41,2025-07-17,2025-07-18,139.1755,903.9000,15.4,518.75,33.7,-485.1,247.2372,4205.06,7080.73,180.685,69.1648,-,E,0.2,56.29
Germany,DE,DE,2025-09-16 08:16:41,2025-07-16,2025-07-17,138.6904,903.9000,15.34,671.66,35.5,-636.1,247.2372,4205.06,7080.73,180.685,69.1648,-,C,0.26,56.1
Germany,DE,DE,2025-09-16 08:16:49,2025-07-15,2025-07-16,138.0543,903.9000,15.27,615,52.8,-562.2,247.2372,4205.06,7080.73,180.685,69.1648,-,E,0.23,55.84
Germany,DE,DE,2025-09-16 08:16:46,2025-07-14,2025-07-15,137.4921,903.9000,15.21,718.25,120.7,-597.6,247.2372,4205.06,7080.73,180.185,69.6648,-,C,0.24,55.61
Germany,DE,DE,2025-08-21 07:44:26,2025-07-13,2025-07-14,136.8975,903.9000,15.15,1090.85,3,-1087.9,247.2372,4205.06,7107.61,180.185,69.6648,-,E,0.44,55.37
Germany,DE,DE,2025-08-21 07:43:48,2025-07-12,2025-07-13,135.8089,903.9000,15.02,1139.31,16.8,-1122.5,247.2372,4205.06,7107.61,180.185,69.6648,-,C,0.56,54.93
Germany,DE,DE,2025-08-21 07:40:44,2025-07-11,2025-07-12,134.4262,903.9000,14.87,994.57,11.4,-983.2,247.2372,4205.06,7107.61,180.2858,69.564,-,E,0.37,54.37
Germany,DE,DE,2025-08-21 07:39:13,2025-07-10,2025-07-11,133.5212,903.9000,14.77,1071.95,40.7,-1031.3,247.1578,4205.06,7107.61,180.2064,69.564,-,E,0.44,54.02
Germany,DE,DE,2025-08-21 08:15:24,2025-07-09,2025-07-10,132.4268,903.9000,14.65,1108.38,9,-1099.4,247.3445,4205.06,7107.61,179.0123,70.9448,-,C,-1.24,53.54
Germany,DE,DE,2025-08-21 08:13:24,2025-07-08,2025-07-09,135.4935,903.9000,14.99,816.19,0,-816.2,247.3445,4205.06,7107.61,172.5731,77.1414,-,C,1.85,54.78
Germany,DE,DE,2025-08-20 11:06:18,2025-07-07,2025-07-08,130.9218,903.9000,14.48,714.4,17.6,-696.7,247.3445,4205.06,7107.61,172.3602,77.1414,-,C,0.25,52.93
Germany,DE,DE,2025-08-20 11:04:53,2025-07-06,2025-07-07,130.3086,903.9000,14.42,983.31,39.9,-943.4,247.3445,4205.06,7107.61,172.3602,77.1414,-,C,0.38,52.68
Germany,DE,DE,2025-08-20 11:01:05,2025-07-05,2025-07-06,129.3591,903.9000,14.31,1086.32,13.6,-1072.7,247.3445,4205.06,7107.61,172.3602,77.1414,-,C,0.43,52.3
Germany,DE,DE,2025-08-20 10:56:05,2025-07-04,2025-07-05,128.2912,903.9000,14.19,771.28,12.1,-759.2,247.3445,4205.06,7107.61,175.8302,73.6714,-,E,0.31,51.87
Germany,DE,DE,2025-08-20 10:52:05,2025-07-03,2025-07-04,127.5356,903.9000,14.11,719.22,69.5,-649.7,247.3445,4205.06,7107.61,175.8302,73.6714,-,E,0.26,51.56
Germany,DE,DE,2025-08-20 10:14:27,2025-07-02,2025-07-03,126.8856,903.9000,14.04,916.24,2,-914.2,247.3409,4205.06,7107.61,174.2805,75.2174,-,E,0.36,51.3
Germany,DE,DE,2025-08-20 10:10:08,2025-07-01,2025-07-02,125.9974,903.9000,13.94,712.57,24.4,-688.2,247.3409,4205.06,7107.61,174.0405,75.4574,-,E,0.28,50.94
Germany,DE,DE,2025-08-06 10:33:18,2025-06-30,2025-07-01,125.3109,903.9000,13.86,837.04,34.3,-802.7,247.3408,4205.06,7107.61,174.866,76.3043,-,E,0.32,50.66
Germany,DE,DE,2025-08-06 10:34:19,2025-06-29,2025-06-30,124.5088,903.9000,13.77,1211.9,53.2,-1158.7,247.3408,4205.06,7107.61,176.4756,76.8043,-,E,0.47,50.34
Germany,DE,DE,2025-08-06 10:26:14,2025-06-28,2025-06-29,123.3441,903.9000,13.65,1080.61,47.8,-1032.8,247.3408,4205.06,7107.61,176.4756,76.8043,-,E,0.41,49.87
Germany,DE,DE,2025-08-06 10:26:06,2025-06-27,2025-06-28,122.3229,903.9000,13.53,803.64,111.4,-692.3,247.3408,4205.06,7107.61,176.4026,76.8773,-,E,0.42,49.46
Germany,DE,DE,2025-08-06 10:25:59,2025-06-26,2025-06-27,121.288,903.9000,13.42,589.92,119.5,-470.4,247.3408,4205.06,7107.61,176.605,76.9047,-,E,0.06,49.04
Germany,DE,DE,2025-08-06 10:25:54,2025-06-25,2025-06-26,121.1504,903.9000,13.4,480.87,114.5,-366.4,247.3408,4205.06,7107.61,176.4338,77.0759,-,E,0.16,48.98
Germany,DE,DE,2025-08-06 10:25:48,2025-06-24,2025-06-25,120.7569,903.9000,13.36,779.34,6.5,-772.8,247.3408,4205.06,7107.61,175.821,77.6887,-,E,0.32,48.82
Germany,DE,DE,2025-08-06 10:25:42,2025-06-23,2025-06-24,119.9722,903.9000,13.27,891.06,27.9,-863.1,247.3408,4205.06,7107.61,176.3198,77.1899,-,E,0.33,48.5
Germany,DE,DE,2025-08-06 10:25:35,2025-06-22,2025-06-23,119.1683,903.9000,13.18,1186.8,6.8,-1180,247.3408,4205.06,7107.61,176.3198,77.1899,-,E,0.48,48.18
Germany,DE,DE,2025-08-06 10:25:28,2025-06-21,2025-06-22,117.993,903.9000,13.05,1186.9,1.2,-1185.7,247.3408,4205.06,7107.61,176.3198,77.1899,-,E,0.48,47.7
Germany,DE,DE,2025-08-06 10:25:22,2025-06-20,2025-06-21,116.8073,903.9000,12.92,829.41,8.5,-820.9,247.3408,4205.06,7107.61,175.821,77.6887,-,E,0.31,47.23
Germany,DE,DE,2025-08-06 10:25:17,2025-06-19,2025-06-20,116.0464,903.9000,12.84,815.54,4.6,-810.9,247.3408,4205.06,7107.61,175.821,77.6887,-,E,0.33,46.92
Germany,DE,DE,2025-08-06 10:25:12,2025-06-18,2025-06-19,115.2356,903.9000,12.75,693.65,5.6,-688.1,247.3408,4205.06,7107.61,175.7636,77.6887,-,E,0.28,46.59
Germany,DE,DE,2025-08-06 10:25:06,2025-06-17,2025-06-18,114.5381,903.9000,12.67,638.6,35.4,-603.2,247.3408,4205.06,7107.61,175.7636,77.6887,-,E,0.24,46.31
Germany,DE,DE,2025-08-06 10:23:10,2025-06-16,2025-06-17,113.9349,903.9000,12.6,671.57,16.2,-655.4,247.3408,4205.06,7107.61,175.7636,77.6887,-,E,0.26,46.06
Germany,DE,DE,2025-08-06 10:23:07,2025-06-15,2025-06-16,113.2796,903.9000,12.53,1099.73,5.5,-1094.2,247.3408,4205.06,7107.61,175.7636,77.6887,-,E,0.44,45.8
Germany,DE,DE,2025-08-06 10:23:05,2025-06-14,2025-06-15,112.185,903.9000,12.41,1144.14,10.5,-1133.6,247.3408,4205.06,7107.61,175.7636,77.6887,-,E,0.46,45.36
Germany,DE,DE,2025-08-06 10:23:02,2025-06-13,2025-06-14,111.049,903.9000,12.29,835.37,174,-661.4,247.3408,4205.06,7107.61,175.7636,77.6887,-,E,0.28,44.9
Germany,DE,DE,2025-08-06 10:22:44,2025-06-12,2025-06-13,110.3668,903.9000,12.21,699.39,17.1,-682.3,247.3408,4205.06,7107.61,175.7636,77.6887,-,E,0.28,44.62
Germany,DE,DE,2025-08-06 10:22:57,2025-06-11,2025-06-12,109.6807,903.9000,12.13,736.53,8.7,-727.8,247.3408,4205.06,7107.61,175.7636,77.6887,-,E,0.29,44.34
Germany,DE,DE,2025-08-06 10:22:53,2025-06-10,2025-06-11,108.9713,903.9000,12.06,861.64,15,-846.6,247.3408,4205.06,7107.61,174.5094,78.9429,-,E,0.34,44.06
Germany,DE,DE,2025-08-06 10:22:50,2025-06-09,2025-06-10,108.1419,903.9000,11.96,928.59,3.9,-924.7,247.3408,4205.06,7107.61,173.6624,79.7899,-,E,0.38,43.72
Germany,DE,DE,2025-08-06 10:22:47,2025-06-08,2025-06-09,107.2085,903.9000,11.86,1083.88,5.5,-1078.4,247.3408,4205.06,7107.61,173.6624,79.7899,-,E,0.43,43.34
Germany,DE,DE,2025-08-06 10:23:12,2025-06-07,2025-06-08,106.133,903.9000,11.74,1134.88,3.2,-1131.7,247.3408,4205.06,7107.61,173.6624,79.7899,-,E,0.47,42.91
Germany,DE,DE,2025-08-06 10:23:16,2025-06-06,2025-06-07,104.9758,903.9000,11.61,914.08,7.2,-906.9,247.3408,4243.47,7107.61,173.6624,79.7899,-,E,0.36,42.44
Germany,DE,DE,2025-08-06 10:22:59,2025-06-05,2025-06-06,104.0763,903.9000,11.51,418.16,55.3,-362.9,247.3408,4243.47,7107.61,173.6624,79.7899,-,E,0.15,42.08
Germany,DE,DE,2025-08-06 10:23:18,2025-06-04,2025-06-05,103.7107,903.9000,11.47,724.54,37.1,-687.4,247.3408,4243.47,7107.61,172.9284,80.5239,-,E,0.32,41.93
Germany,DE,DE,2025-08-06 10:23:21,2025-06-03,2025-06-04,102.9232,903.9000,11.39,638.93,66.6,-572.3,247.3408,4243.47,7107.61,172.9284,80.5239,-,E,0.23,41.61
Germany,DE,DE,2025-08-06 10:23:24,2025-06-02,2025-06-03,102.3512,903.9000,11.32,677.19,30.2,-647,247.3408,4243.61,7107.61,172.3212,81.1311,-,E,0.26,41.38
Germany,DE,DE,2025-08-06 10:23:29,2025-06-01,2025-06-02,101.7025,903.9000,11.25,2030.15,27.1,-2003.1,247.3408,4243.47,7107.61,168.8212,84.6311,-,E,0.87,41.12
Germany,DE,DE,2025-08-06 10:23:34,2025-05-31,2025-06-01,99.5504,903.9000,11.01,1277.03,28.6,-1248.4,247.2908,4242.91,7107.05,174.1861,80.2731,-,E,0.51,40.26
Germany,DE,DE,2025-08-06 10:23:41,2025-05-30,2025-05-31,98.2974,903.9000,10.87,968.93,7.2,-961.7,247.2908,4242.91,7107.05,174.1861,80.2731,-,E,0.39,39.75
Germany,DE,DE,2025-08-06 10:23:48,2025-05-29,2025-05-30,97.3378,903.9000,10.77,807.14,25.1,-782,247.2908,4242.91,7107.05,173.886,80.5732,-,E,0.32,39.36
Germany,DE,DE,2025-08-06 10:23:56,2025-05-28,2025-05-29,96.5497,903.9000,10.68,554.39,20,-534.4,247.2908,4242.91,7107.05,173.886,80.5732,-,E,0.21,39.04
Germany,DE,DE,2025-08-06 10:24:02,2025-05-27,2025-05-28,96.0277,903.9000,10.62,486.58,38.8,-447.8,247.2908,4242.91,7107.05,173.886,80.5732,-,E,0.18,38.83
Germany,DE,DE,2025-08-06 10:24:10,2025-05-26,2025-05-27,95.5799,903.9000,10.57,532.11,47.3,-484.8,247.2908,4242.91,7107.05,173.6562,80.5732,-,E,0.21,38.65
Germany,DE,DE,2025-08-06 10:23:14,2025-05-25,2025-05-26,95.0725,903.9000,10.52,834.33,2.4,-831.9,247.2908,4242.91,7107.05,173.6562,80.5732,-,E,0.33,38.45
Germany,DE,DE,2025-08-06 10:15:08,2025-05-24,2025-05-25,94.2632,903.9000,10.43,482.79,12.8,-470,247.2908,4242.91,7107.05,173.6562,80.5732,-,E,0.19,38.12
Germany,DE,DE,2025-08-06 10:15:10,2025-05-23,2025-05-24,93.7907,903.9000,10.38,320.06,160.8,-159.3,247.2908,4242.91,7107.05,173.458,80.7714,-,E,0.07,37.93
Germany,DE,DE,2025-08-06 10:15:12,2025-05-22,2025-05-23,93.6268,903.9000,10.36,449.58,123.6,-326,247.2908,4242.91,7107.05,172.1164,82.113,-,E,0.13,37.86
Germany,DE,DE,2025-08-06 10:15:15,2025-05-21,2025-05-22,93.308,903.9000,10.32,121.59,333.5,211.9,247.2908,4242.91,7107.05,170.6914,83.538,-,E,-0.09,37.73
Germany,DE,DE,2025-08-06 10:15:17,2025-05-20,2025-05-21,93.5199,903.9000,10.35,496.33,65,-431.3,247.2908,4242.91,7107.05,169.9996,84.2298,-,E,0.18,37.82
Germany,DE,DE,2025-08-06 10:15:19,2025-05-19,2025-05-20,93.078,903.9000,10.3,484.28,83.7,-400.6,247.2908,4242.96,7106.87,169.846,84.1532,-,E,0.17,37.64
Germany,DE,DE,2025-08-06 10:15:22,2025-05-18,2025-05-19,92.6586,903.9000,10.25,690.89,14.5,-676.4,247.2908,4242.96,7106.87,168.5496,85.366,-,E,0.27,37.47
Germany,DE,DE,2025-08-06 10:15:24,2025-05-17,2025-05-18,91.9836,903.9000,10.18,802.5,2.1,-800.4,247.2908,4242.96,7106.87,168.5496,85.366,-,E,0.33,37.2
Germany,DE,DE,2025-08-06 10:15:05,2025-05-16,2025-05-17,91.1739,903.9000,10.09,573.41,97.3,-476.1,247.2908,4204.55,7106.87,167.1844,86.7312,-,E,0.19,36.87
Germany,DE,DE,2025-08-06 10:15:28,2025-05-15,2025-05-16,90.7017,903.9000,10.03,606.27,66.1,-540.2,247.2908,4204.55,7106.87,166.4553,87.6901,-,E,0.21,36.68
Germany,DE,DE,2025-08-06 10:15:30,2025-05-14,2025-05-15,90.1748,903.9000,9.98,737.53,53.8,-683.7,247.2908,4204.55,7106.87,165.9929,88.1526,-,E,0.28,36.47
Germany,DE,DE,2025-08-06 10:15:33,2025-05-13,2025-05-14,89.4934,903.9000,9.9,552.74,87.9,-464.9,247.2908,4204.55,7106.87,165.1865,88.959,-,E,0.18,36.19
Germany,DE,DE,2025-08-06 10:15:35,2025-05-12,2025-05-13,89.0393,903.9000,9.85,743.58,47,-696.5,247.2908,4204.55,7106.87,164.9865,89.159,-,E,0.29,36.01
Germany,DE,DE,2025-08-06 10:15:37,2025-05-11,2025-05-12,88.3242,903.9000,9.77,896.54,53.7,-842.8,247.3314,4204.51,7096.85,164.5865,89.559,-,E,0.34,35.71
Germany,DE,DE,2025-08-06 10:15:39,2025-05-10,2025-05-11,87.4778,903.9000,9.68,823.47,50.6,-772.9,247.3314,4204.51,7096.85,164.5865,89.559,-,E,0.31,35.37
Germany,DE,DE,2025-08-06 10:15:42,2025-05-09,2025-05-10,86.7031,903.9000,9.59,385,99.5,-285.5,246.3955,4204.51,7096.85,163.6507,89.559,-,E,0.12,35.19
Germany,DE,DE,2025-08-06 10:15:26,2025-05-08,2025-05-09,86.4176,903.9000,9.56,347.13,134.8,-212.3,246.3955,4204.51,7096.85,161.1422,92.108,-,E,0.08,35.07
Germany,DE,DE,2025-08-06 10:10:40,2025-05-07,2025-05-08,86.2159,903.9000,9.54,433.39,116.4,-317,247.3314,4204.51,7096.85,162.078,92.108,-,E,0.13,34.86
Germany,DE,DE,2025-08-06 10:10:42,2025-05-06,2025-05-07,85.8938,903.9000,9.5,351.27,89.6,-261.7,247.3314,4204.51,7096.85,161.631,92.555,-,E,0.11,34.73
Germany,DE,DE,2025-08-06 10:10:45,2025-05-05,2025-05-06,85.6328,903.9000,9.47,482.48,91.2,-391.3,246.3955,4204.51,7096.85,160.7187,92.5316,-,E,0.16,34.75
